person_id,name,given_name,gender,book_id,notes
abs_hermann_josef,Abs,Hermann Josef,male,Slobodian (2018),
acheson_dean,Acheson,Dean,male,Clavin (2015),
acheson_dean,Acheson,Dean,male,Martin (2022),
acton_lord,Acton,Lord,male,Slobodian (2018),
adams_brown_william,Adams Brown,William,male,Clavin (2015),
adams_herbert_baxter,Adams,Herbert Baxter,male,Sluga (2013),
addams_jane,Addams,Jane,female,Sluga (2013),
addis_charles,Addis,Charles,male,Martin (2022),
addison_christopher,Addison,Christopher,male,Martin (2022),
adenauer_konrad,Adenauer,Konrad,male,Slobodian (2018),
adler_felix,Adler,Felix,male,Sluga (2013),
ador_gustave,Ador,Gustave,male,Clavin (2015),
aghnides_thanassis,Aghnides,Thanassis,male,Clavin (2015),
ahmad_al_muadzam_shah,Ahmad al-Muadzam Shah,,male,Martin (2022),
albright_madeleine,Albright,Madeleine,female,Mazower (2009),
alexander_i_yugoslavia,Alexander I (Yugoslavia),,male,Martin (2022),
alexander_the_great,Alexander,the Great,male,Mazower (2009),
amery_leo,Amery,Leo,male,Mazower (2009),
anderson_benjamin,Anderson,Benjamin,male,Clavin (2015),
anderson_oskar,Anderson,Oskar,male,Slobodian (2018),
andreades_andre,Andréadès,André,male,Martin (2022),
aron_raymond,Aron,Raymond,male,Slobodian (2018),
ashbrook_john_m,Ashbrook,John M.,male,Slobodian (2018),
ashton_gwatkin_frank,Ashton-Gwatkin,Frank,male,Clavin (2015),
asquith_h_h,Asquith,H. H.,male,Martin (2022),
asser_tobias_michael,Asser,Tobias Michael,male,Sluga (2013),
attlee_clement,Attlee,Clement,male,Slobodian (2018),
augustine_saint,Augustine,Saint,male,Slobodian (2018),
avenol_joseph,Avenol,Joseph,male,Martin (2022),
avenol_joseph,Avenol,Joseph,male,Clavin (2015),
avenol_joseph,Avenol,Joseph,male,Sluga (2013),
aydelotte_frank,Aydelotte,Frank,male,Clavin (2015),
aykroyd_wallace_r,Aykroyd,Wallace R.,male,Clavin (2015),
babson_roger,Babson,Roger,male,Slobodian (2018),
baker_ray_stannard,Baker,Ray Stannard,male,Martin (2022),
balch_emily_greene,Balch,Emily Greene,female,Sluga (2013),
baldwin_james,Baldwin,James,male,Sluga (2013),
baldwin_stanley,Baldwin,Stanley,male,Clavin (2015),
balfour_sir_arthur,Balfour,Sir Arthur,male,Clavin (2015),
balfour_sir_arthur,Balfour,Sir Arthur,male,Martin (2022),
balfour_sir_arthur,Balfour,Sir Arthur,male,Mazower (2009),
balfour_sir_arthur,Balfour,Sir Arthur,male,Slobodian (2018),
balogh_thomas,Balogh,Thomas,male,Clavin (2015),
balogh_thomas,Balogh,Thomas,male,Slobodian (2018),
baring_evelyn,Baring,Evelyn,male,Martin (2022),
barros_james,Barros,James,male,Clavin (2015),
barthou_louis,Barthou,Louis,male,Clavin (2015),
baruch_bernard,Baruch,Bernard,male,Martin (2022),
baster_albert,Baster,Albert,male,Martin (2022),
bastiat_frederic,Bastiat,Frédéric,male,Slobodian (2018),
baudin_louis,Baudin,Louis,male,Slobodian (2018),
bauer_otto,Bauer,Otto,male,Slobodian (2018),
bauer_peter,Bauer,Peter,male,Slobodian (2018),
baumann_ludwig,Baumann,Ludwig,male,Slobodian (2018),
beale_louis,Beale,Louis,male,Martin (2022),
bebel_august,Bebel,August,male,Sluga (2013),
becker_gary,Becker,Gary,male,Slobodian (2018),
bedford_alfred_c,Bedford,Alfred C.,male,Slobodian (2018),
bellegarde_dantes,Bellegarde,Dantès,male,Sluga (2013),
beltran_pedro,Beltrán,Pedro,male,Slobodian (2018),
ben_gurion_david,Ben Gurion,David,male,Mazower (2009),
beneduce_alberto,Beneduce,Alberto,male,Clavin (2015),
beneduce_alberto,Beneduce,Alberto,male,Martin (2022),
bennett_richard_bradford,Bennett,Richard Bradford,male,Clavin (2015),
benson_wilfred,Benson,Wilfred,male,Sluga (2013),
bentham_jeremy,Bentham,Jeremy,male,Clavin (2015),
bentham_jeremy,Bentham,Jeremy,male,Mazower (2009),
bentham_jeremy,Bentham,Jeremy,male,Sluga (2013),
bentwich_norman_de_mattos,Bentwich,Norman de Mattos,male,Sluga (2013),
bergson_henri,Bergson,Henri,male,Sluga (2013),
berle_adolf,Berle,Adolf,male,Martin (2022),
bernadotte_folke,Bernadotte,Folke,male,Mazower (2009),
bernstein_edward,Bernstein,Edward,male,Martin (2022),
 von_bertalanffy_ludwig,vonBertalanffy,Ludwig,male,Slobodian (2018),
besant_annie,Besant,Annie,female,Sluga (2013),
bevan_aneurin,Bevan,Aneurin,male,Slobodian (2018),
beveridge_william,Beveridge,William,male,Clavin (2015),
beveridge_william,Beveridge,William,male,Slobodian (2018),
bevin_ernest,Bevin,Ernest,male,Clavin (2015),
bevin_ernest,Bevin,Ernest,male,Mazower (2009),
beyen_johan_w,Beyen,Johan W.,male,Martin (2022),
bhagwati_jagdish,Bhagwati,Jagdish,male,Slobodian (2018),
bidault_georges,Bidault,Georges,male,Mazower (2009),
bieler_jean,Bieler,Jean,male,Clavin (2015),
blackett_basil,Blackett,Basil,male,Clavin (2015),
blaine_anita_mccormick,Blaine,Anita McCormick,female,Sluga (2013),
blum_leon,Blum,Léon,male,Martin (2022),
bodet_jaime_torres,Bodet,Jaime Torres,male,Sluga (2013),
bohm_bawerk_eugen,Böhm-Bawerk,Eugen,male,Slobodian (2018),
bohm_franz,Böhm,Franz,male,Slobodian (2018),
bolton_george,Bolton,George,male,Martin (2022),
bonn_moritz,Bonn,Moritz,male,Clavin (2015),
bonn_moritz,Bonn,Moritz,male,Slobodian (2018),
bonn_moritz,Bonn,Moritz,male,Martin (2022),
bonnet_georges,Bonnet,Georges,male,Clavin (2015),
bonnet_georges,Bonnet,Georges,male,Martin (2022),
booth_willis_h,Booth,Willis H.,male,Slobodian (2018),
borchardt_knut,Borchardt,Knut,male,Clavin (2015),
bordes_walre_de,Bordes,Walré de,male,Clavin (2015),
borgwardt_elizabeth,Borgwardt,Elizabeth,male,Mazower (2009),
borkenau_franz,Borkenau,Franz,male,Martin (2022),
bose_subhas_chandra,Bose,Subhas Chandra,male,Mazower (2009),
boudreau_walter,Boudreau,Walter,male,Clavin (2015),
bougle_celestin,Bouglé,Célestin,male,Sluga (2013),
boulding_kenneth,Boulding,Kenneth,male,Clavin (2015),
boulding_kenneth,Boulding,Kenneth,male,Slobodian (2018),
bourgeois_leon,Bourgeois,Léon,male,Sluga (2013),
bourquin_maurice,Bourquin,Maurice,male,Clavin (2015),
boutros_ghali_boutros,Boutros-Ghali,Boutros,male,Mazower (2009),
bowers_john,Bowers,John,male,Sluga (2013),
bowman_isaiah,Bowman,Isaiah,male,Mazower (2009),
boyd_orr_john,Boyd Orr,John,male,Clavin (2015),
brand_r_h,Brand,R. H.,male,Clavin (2015),
brandt_karl,Brandt,Karl,male,Slobodian (2018),
brandt_willy,Brandt,Willy,male,Slobodian (2018),
brentano_lujo,Brentano,Lujo,male,Slobodian (2018),
briand_aristide,Briand,Aristide,male,Clavin (2015),
briand_aristide,Briand,Aristide,male,Martin (2022),
bridgman_raymond,Bridgman,Raymond,male,Sluga (2013),
brigden_james,Brigden,James,male,Clavin (2015),
bristol_lee_h,Bristol,Lee H.,male,Slobodian (2018),
brown_edward,Brown,Edward,male,Martin (2022),
bruce_stanley_melbourne,Bruce,Stanley Melbourne,male,Clavin (2015),
bruning_heinrich,Brüning,Heinrich,male,Clavin (2015),
bruning_heinrich,Brüning,Heinrich,male,Martin (2022),
buchanan_james_m,Buchanan,James M.,male,Slobodian (2018),
buchanan_pat,Buchanan,Pat,male,Slobodian (2018),
buckley_william_f,Buckley,William F.,male,Slobodian (2018),
bugge_wicksell_anna,Bugge-Wicksell,Anna,female,Sluga (2013),
bull_hedley,Bull,Hedley,male,Sluga (2013),
bullitt_william,Bullitt,William,male,Clavin (2015),
bullock_charles_j,Bullock,Charles J.,male,Slobodian (2018),
bunche_ralph,Bunche,Ralph,male,Sluga (2013),
burgess_w_r,Burgess,W. R.,male,Clavin (2015),
burgess_w_r,Burgess,W. R.,male,Martin (2022),
burnham_james,Burnham,James,male,Slobodian (2018),
bush_george_hw,Bush,George H. W.,male,Mazower (2009),
bush_george_hw,Bush,George H. W.,male,Slobodian (2018),
butler_harold,Butler,Harold,male,Clavin (2015),
butler_harold,Butler,Harold,male,Sluga (2013),
butler_nicholas_murray,Butler,Nicholas Murray,male,Slobodian (2018),
butler_nicholas_murray,Butler,Nicholas Murray,male,Sluga (2013),
cadogan_alexander,Cadogan,Alexander,male,Clavin (2015),
caine_sidney,Caine,Sidney,male,Martin (2022),
callaghan_james,Callaghan,James,male,Martin (2022),
calvo_carlos,Calvo,Carlos,male,Martin (2022),
campbell_sir_john,Campbell,Sir John,male,Martin (2022),
campbell_sir_john,Campbell,Sir John,male,Clavin (2015),
campos_roberto,Campos,Roberto,male,Slobodian (2018),
canetti_elias,Canetti,Elias,male,Slobodian (2018),
cannan_edwin,Cannan,Edwin,male,Slobodian (2018),
carr_e_h,Carr,E. H.,male,Clavin (2015),
carr_eh,Carr,E. H.,male,Mazower (2009),
carr_eh,Carr,E. H.,male,Sluga (2013),
carr_saunders_a_m,Carr-Saunders,A. M.,male,Clavin (2015),
carson_edward,Carson,Edward,male,Martin (2022),
carter_jimmy,Carter,Jimmy,male,Slobodian (2018),
cassel_gustav,Cassel,Gustav,male,Clavin (2015),
cassin_rene,Cassin,Rene,male,Mazower (2009),
cassin_rene,Cassin,René,male,Sluga (2013),
catt_carrie_chapman,Catt,Carrie Chapman,female,Sluga (2013),
cecil_lord_robert,Cecil,Lord Robert,male,Clavin (2015),
cecil_robert,Cecil,Robert,male,Martin (2022),
cecil_robert,Cecil,Robert,male,Mazower (2009),
celler_emmanuel,Celler,Emmanuel,male,Slobodian (2018),
chalendar_andre_de,Chalendar,André de,male,Clavin (2015),
chalmers_henry,Chalmers,Henry,male,Clavin (2015),
chamberlain_austen,Chamberlain,Austen,male,Martin (2022),
chamberlain_houston,Chamberlain,Houston,male,Mazower (2009),
chamberlain_neville,Chamberlain,Neville,male,Clavin (2015),
chamberlain_neville,Chamberlain,Neville,male,Slobodian (2018),
chamberlin_william_henry,Chamberlin,William Henry,male,Slobodian (2018),
chang_peng_chun,Chang,Peng-Chun,male,Sluga (2013),
chapman_sydney,Chapman,Sydney,male,Clavin (2015),
charron_rene,Charron,René,male,Clavin (2015),
charron_rene,Charron,René,male,Martin (2022),
cheron_henry,Chéron,Henry,male,Martin (2022),
chiang_kai_shek,Chiang Kai-shek (Jiang Jieshi),,male,Martin (2022),
chou_ken_sheng,Chou,Ken-Sheng,male,Sluga (2013),
churchill_sir_winston,Churchill,Sir Winston,male,Clavin (2015),
churchill_sir_winston,Churchill,Sir Winston,male,Martin (2022),
churchill_sir_winston,Churchill,Sir Winston,male,Mazower (2009),
churchill_sir_winston,Churchill,Sir Winston,male,Slobodian (2018),
clark_john_maurice,Clark,John Maurice,male,Clavin (2015),
claude_inis,Claude,Inis,male,Mazower (2009),
claveirole_jean,Claveirole,Jean,male,Sluga (2013),
clementel_etienne,Clémentel,Étienne,male,Martin (2022),
clementi_cecil,Clementi,Cecil,male,Martin (2022),
clinton_bill,Clinton,Bill,male,Slobodian (2018),
cobden_richard,Cobden,Richard,male,Slobodian (2018),
cohrs_patrick_o,Cohrs,Patrick O.,male,Clavin (2015),
colby_bainbridge,Colby,Bainbridge,male,Martin (2022),
colijn_hendrikus,Colijn,Hendrikus,male,Clavin (2015),
condliffe_john_bell,Condliffe,John Bell,male,Slobodian (2018),
condliffe_john_bell,Condliffe,John Bell,male,Clavin (2015),
coolidge_calvin,Coolidge,Calvin,male,Clavin (2015),
cooper_frederick,Cooper,Frederick,male,Slobodian (2018),
corbet_hugh,Corbet,Hugh,male,Slobodian (2018),
corbin_charles,Corbin,Charles,male,Clavin (2015),
cornwell_dean,Cornwell,Dean,male,Slobodian (2018),
cortesao_armando,Cortesao,Armando,male,Sluga (2013),
cortney_philip,Cortney,Philip,male,Slobodian (2018),
costa_du_rels_adolfo,Costa du Rels,Adolfo,male,Clavin (2015),
coulondre_robert,Coulondre,Robert,male,Clavin (2015),
cox_james,Cox,James,male,Clavin (2015),
crafts_wilbur_fisk,Crafts,Wilbur Fisk,male,Sluga (2013),
cranborne_lord,Cranborne,Lord,male,Sluga (2013),
cranborne_viscount,Cranborne,Viscount,male,Clavin (2015),
crocker_walter,Crocker,Walter,male,Sluga (2013),
crowdy_rachel,Crowdy,Rachel,female,Sluga (2013),
culbertson_ely,Culbertson,Ely,male,Sluga (2013),
cunliffe_lister_philip,Cunliffe-Lister,Philip,male,Martin (2022),
curzon_george_nathaniel,Curzon,George Nathaniel,male,Mazower (2009),
curzon_gerard,Curzon,Gerard,male,Slobodian (2018),
curzon_george_nathaniel,Curzon,George Nathaniel,male,Clavin (2015),
curzon_price_victoria,Curzon-Price,Victoria,female,Slobodian (2018),
daladier_edouard,Daladier,Édouard,male,Clavin (2015),
dannevig_valentine,Dannevig,Valentine,female,Sluga (2013),
davenport_john,Davenport,John,male,Slobodian (2018),
davis_gary,Davis,Gary,male,Sluga (2013),
davis_hayne,Davis,Hayne,male,Sluga (2013),
davis_norman_h,Davis,Norman H.,male,Clavin (2015),
davis_norman_h,Davis,Norman H.,male,Slobodian (2018),
dawes_charles,Dawes,Charles,male,Slobodian (2018),
day_edmund_e,Day,Edmund E.,male,Clavin (2015),
day_edmund_e,Day,Edmund E.,male,Slobodian (2018),
de_fleuriau_aime,de Fleuriau,Aimé,male,Clavin (2015),
de_grazia_victoria,de Grazia,Victoria,female,Clavin (2015),
de_iongh_crena,de Iongh,Crena,male,Clavin (2015),
de_madariaga_salvador,de Madariaga,Salvador,male,Sluga (2013),
de_nickl_alfred,de Nickl,Alfred,male,Clavin (2015),
de_seynes_philippe,de Seynes,Philippe,male,Sluga (2013),
deng_xiaoping,Deng,Xiaoping,male,Slobodian (2018),
dernburg_bernhard,Dernburg,Bernhard,male,Slobodian (2018),
derobert_eugene,Derobert,Eugéne,male,Clavin (2015),
derso_alois,Derso,Alois,male,Clavin (2015),
dewey_charles_s,Dewey,Charles S.,male,Martin (2022),
dewey_john,Dewey,John,male,Sluga (2013),
dexter_harry,Dexter,Harry,male,Clavin (2015),
di_nola_professor_angelo,Di Nola,Professor Angelo,male,Clavin (2015),
diagne_blaise,Diagne,Blaise,male,Sluga (2013),
diaz_balart_rafael_lincoln,Diaz-Balart,Rafael Lincoln,male,Slobodian (2018),
dickinson_goldsworthy_lowes,Dickinson,Goldsworthy Lowes,male,Sluga (2013),
dickinson_willoughby,Dickinson,Willoughby,male,Sluga (2013),
dodds_harold_w,Dodds,Harold W.,male,Clavin (2015),
dole_bob,Dole,Bob,male,Slobodian (2018),
dolezal_francois,Dolézal,François,male,Clavin (2015),
domaniewski_w,Domaniewski,W.,male,Clavin (2015),
drago_luis,Drago,Luis,male,Martin (2022),
drascher_wahrhold,Drascher,Wahrhold,male,Slobodian (2018),
drummond_david,Drummond,David,male,Martin (2022),
drummond_eric,Drummond,Eric,male,Martin (2022),
drummond_eric,Drummond,Eric,male,Sluga (2013),
drummond_eric,Drummond,Eric,male,Clavin (2015),
du_bois_web,Du Bois,W. E. B.,male,Martin (2022),
du_bois_web,Du Bois,W. E. B.,male,Mazower (2009),
du_bois_web,Du Bois,W. E. B.,male,Sluga (2013),
dulles_john_foster,Dulles,John Foster,male,Clavin (2015),
dulles_john_foster,Dulles,John Foster,male,Mazower (2009),
dulles_john_foster,Dulles,John Foster,male,Slobodian (2018),
duparc_alain,DuParc,Alain,male,Clavin (2015),
durkheim_emile,Durkheim,Emile,male,Sluga (2013),
earle_edward_meade,Earle,Edward Meade,male,Clavin (2015),
eastman_crystal,Eastman,Crystal,female,Mazower (2009),
eden_sir_anthony,Eden,Sir Anthony,male,Clavin (2015),
einaudi_luigi,Einaudi,Luigi,male,Slobodian (2018),
einstein_albert,Einstein,Albert,male,Sluga (2013),
einthoven_willem,Einthoven,Willem,male,Slobodian (2018),
eisenhower_dwight_d,Eisenhower,Dwight D.,male,Slobodian (2018),
elbel_paul,Elbel,Paul,male,Clavin (2015),
elliot_william_yandell,Elliot,William Yandell,male,Martin (2022),
ellis_howard_s,Ellis,Howard S.,male,Slobodian (2018),
engels_friedrich,Engels,Friedrich,male,Martin (2022),
engels_friedrich,Engels,Friedrich,male,Slobodian (2018),
erhard_ludwig,Erhard,Ludwig,male,Slobodian (2018),
eucken_walter,Eucken,Walter,male,Slobodian (2018),
evatt_h_v,Evatt,H. V.,male,Sluga (2013),
feis_herbert,Feis,Herbert,male,Clavin (2015),
ferguson_adam,Ferguson,Adam,male,Slobodian (2018),
fertig_lawrence,Fertig,Lawrence,male,Slobodian (2018),
field_henry,Field,Henry,male,Mazower (2009),
filene_edward,Filene,Edward,male,Clavin (2015),
fisher_antony,Fisher,Antony,male,Slobodian (2018),
fisher_irving,Fisher,Irving,male,Clavin (2015),
fisher_irving,Fisher,Irving,male,Slobodian (2018),
fisher_r,Fisher,R.,male,Clavin (2015),
flandin_pierre_etienne,Flandin,Pierre-Étienne,male,Clavin (2015),
flandin_pierre_etienne,Flandin,Pierre-Étienne,male,Martin (2022),
flexner_abraham,Flexner,Abraham,male,Clavin (2015),
forbes_john,Forbes,John,male,Clavin (2015),
ford_gerald,Ford,Gerald,male,Sluga (2013),
ford_henry,Ford,Henry,male,Martin (2022),
fosdick_raymond,Fosdick,Raymond,male,Clavin (2015),
fosdick_raymond,Fosdick,Raymond,male,Sluga (2013),
foucault_michel,Foucault,Michel,male,Slobodian (2018),
fournier_pierre,Fournier,Pierre,male,Martin (2022),
franco_francisco,Franco,Francisco,male,Mazower (2009),
francqui_emile,Francqui,Émile,male,Martin (2022),
frankfurter_felix,Frankfurter,Felix,male,Clavin (2015),
fraser_leon,Fraser,Leon,male,Clavin (2015),
fraser_leon,Fraser,Leon,male,Martin (2022),
frasheri_mehdi,Frasheri,Mehdi,male,Martin (2022),
frazier_e_franklin,Frazier,E. Franklin,male,Sluga (2013),
fremantle_w_h,Fremantle,W. H.,male,Sluga (2013),
frere_maurice,Frére,Maurice,male,Clavin (2015),
fried_alfred,Fried,Alfred,male,Sluga (2013),
fried_ferdinand,Fried,Ferdinand,male,Slobodian (2018),
friedman_milton,Friedman,Milton,male,Slobodian (2018),
friedmann_wolfgang,Friedmann,Wolfgang,male,Mazower (2009),
frisch_ragnar,Frisch,Ragnar,male,Clavin (2015),
frumkin_grzegorz,Frumkin,Grzegorz,male,Clavin (2015),
gabriel_emmanuel,Gabriel,Emmanuel,male,Sluga (2013),
galbraith_john_kenneth,Galbraith,John Kenneth,male,Slobodian (2018),
gandhi_mohandas,Gandhi,Mohandas,male,Mazower (2009),
gandhi_mohandas,Gandhi,Mohandas,male,Sluga (2013),
garavini_giuliano,Garavini,Giuliano,male,Slobodian (2018),
gardner_walter,Gardner,Walter,male,Martin (2022),
gaulle_charles_de,Gaulle,Charles de,male,Slobodian (2018),
gay_edwin,Gay,Edwin,male,Slobodian (2018),
george_v_king,George V,King,male,Clavin (2015),
george_v_king,George V,King,male,Mazower (2009),
gerig_benjamin,Gerig,Benjamin,male,Mazower (2009),
germain_martin_louis,Germain-Martin,Louis,male,Clavin (2015),
gibbons_william_henry_panton,Gibbons,William Henry Panton,male,Sluga (2013),
gibbs_herbert,Gibbs,Herbert,male,Martin (2022),
gilbert_prentiss,Gilbert,Prentiss,male,Clavin (2015),
gilbert_seymour_parker,Gilbert,Seymour Parker,male,Martin (2022),
gildersleeve_virginia,Gildersleeve,Virginia,female,Sluga (2013),
gill_stephen,Gill,Stephen,male,Slobodian (2018),
gini_corrado,Gini,Corrado,male,Martin (2022),
glenister_archibald,Glenister,Archibald,male,Martin (2022),
goebbels_joseph,Goebbels,Joseph,male,Martin (2022),
goldenweiser_emanuel,Goldenweiser,Emanuel,male,Clavin (2015),
goldenweiser_emanuel,Goldenweiser,Emanuel,male,Martin (2022),
goldwater_barry,Goldwater,Barry,male,Slobodian (2018),
goodrich_carter,Goodrich,Carter,male,Clavin (2015),
goodrich_pierre,Goodrich,Pierre,male,Slobodian (2018),
gordon_mrs_ogilvie,Gordon,Mrs. Ogilvie,female,Sluga (2013),
goring_hermann,Göring,Hermann,male,Clavin (2015),
grabski_wladyslaw,Grabski,Wladyslaw,male,Clavin (2015),
grady_henry,Grady,Henry,male,Clavin (2015),
graham_frank,Graham,Frank,male,Martin (2022),
grandi_dino,Grandi,Dino,male,Clavin (2015),
gray_john,Gray,John,male,Slobodian (2018),
green_thomas_hill,Green,Thomas Hill,male,Mazower (2009),
greenspan_alan,Greenspan,Alan,male,Slobodian (2018),
gregory_theodore,Gregory,Theodore,male,Clavin (2015),
gregory_theodore,Gregory,Theodore,male,Slobodian (2018),
grunberg_carl,Grünberg,Carl,male,Slobodian (2018),
gueye_djeme_momar,Gueye,Djeme Momar,male,Slobodian (2018),
gulick_luther,Gulick,Luther,male,Clavin (2015),
haak_dr_a_h,Haak,Dr A. H.,male,Clavin (2015),
haber_fritz,Haber,Fritz,male,Martin (2022),
haberler_gottfried,Haberler,Gottfried,male,Clavin (2015),
haberler_gottfried,Haberler,Gottfried,male,Slobodian (2018),
hailie_salassie_emperor,Hailie Salassie,Emperor,male,Clavin (2015),
halifax_lord,Halifax,Lord,male,Clavin (2015),
halifax_lord,Halifax,Lord,male,Mazower (2009),
hall_h_duncan,Hall,H. Duncan,male,Sluga (2013),
hall_noel,Hall,Noel,male,Clavin (2015),
hallstein_walter,Hallstein,Walter,male,Slobodian (2018),
hambro_carl_j,Hambro,Carl J.,male,Clavin (2015),
hamel_joost_adriaan_van,Hamel,Joost Adriaan van,male,Martin (2022),
hamilton_alice,Hamilton,Alice,female,Sluga (2013),
hammarskjold_dag,Hammarskjöld,Dag,male,Clavin (2015),
hammarskjold_dag,Hammarskjöld,Dag,male,Mazower (2009),
hanc_josef,Hanc,Josef,male,Clavin (2015),
hankey_maurice,Hankey,Maurice,male,Clavin (2015),
hankey_maurice,Hankey,Maurice,male,Martin (2022),
hankey_maurice,Hankey,Maurice,male,Mazower (2009),
hansen_alvin,Hansen,Alvin,male,Clavin (2015),
hansen_alvin,Hansen,Alvin,male,Slobodian (2018),
haq_mahbub_ul,Haq,Mahbub ul,male,Slobodian (2018),
hardin_garrett,Hardin,Garrett,male,Slobodian (2018),
hardt_michael,Hardt,Michael,male,Mazower (2009),
harrison_george,Harrison,George,male,Clavin (2015),
harrod_roy,Harrod,Roy,male,Clavin (2015),
hart_g_h_c,Hart,G. H. C.,male,Clavin (2015),
haussmann_baron_george_eugene,Haussmann,Baron George-Eugène,male,Slobodian (2018),
hawtrey_ralph,Hawtrey,Ralph,male,Clavin (2015),
hayek_frederich,Hayek,Frederich,male,Clavin (2015),
hayek_friedrich,Hayek,Friedrich,male,Slobodian (2018),
hazlitt_henry,Hazlitt,Henry,male,Slobodian (2018),
heckscher_eli,Heckscher,Eli,male,Slobodian (2018),
hegedus_lorant,Hegedűs,Lóránt,male,Clavin (2015),
hegel_gwf,Hegel,G. W. F.,male,Mazower (2009),
heilperin_michael,Heilperin,Michael,male,Slobodian (2018),
heller_hermann,Heller,Hermann,male,Slobodian (2018),
henderson_arthur,Henderson,Arthur,male,Clavin (2015),
henderson_hubert_d,Henderson,Hubert D.,male,Martin (2022),
herriot_edouard,Herriot,Édouard,male,Clavin (2015),
herriot_edouard,Herriot,Édouard,male,Martin (2022),
herve_gustave,Hervé,Gustave,male,Sluga (2013),
hhaida_rustem,HHaida,Rustem,male,Sluga (2013),
hilgerdt_folke,Hilgerdt,Folke,male,Clavin (2015),
hill_martin,Hill,Martin,male,Clavin (2015),
hilton_john,Hilton,John,male,Clavin (2015),
hitler_adolf,Hitler,Adolf,male,Clavin (2015),
hitler_adolf,Hitler,Adolf,male,Martin (2022),
hitler_adolf,Hitler,Adolf,male,Mazower (2009),
hitler_adolf,Hitler,Adolf,male,Slobodian (2018),
hoare_samuel,Hoare,Samuel,male,Martin (2022),
hobhouse_leonard,Hobhouse,Leonard,male,Mazower (2009),
hobson_john,Hobson,John,male,Mazower (2009),
hobson_john,Hobson,John,male,Sluga (2013),
hoden_marcel,Hoden,Marcel,male,Clavin (2015),
von_hoesch_leopold,von Hoesch,Leopold,male,Clavin (2015),
hoffinger_max,Hoffinger,Max,male,Martin (2022),
hoffmann_josef,Hoffmann,Josef,male,Slobodian (2018),
hoffmann_stanley,Hoffmann,Stanley,male,Sluga (2013),
hoover_herbert,Hoover,Herbert,male,Clavin (2015),
hoover_herbert,Hoover,Herbert,male,Martin (2022),
hoover_herbert,Hoover,Herbert,male,Mazower (2009),
hoppmann_erich,Hoppmann,Erich,male,Slobodian (2018),
horsbrugh_florence,Horsbrugh,Florence,female,Sluga (2013),
horwood_owen,Horwood,Owen,male,Slobodian (2018),
houphouet_boigny_felix,Houphouët-Boigny,Félix,male,Slobodian (2018),
house_colonel,House,Colonel,male,Sluga (2013),
house_edward,House,Edward,male,Martin (2022),
houston_herbert,Houston,Herbert,male,Sluga (2013),
howeson_john,Howeson,John,male,Martin (2022),
howland_charles,Howland,Charles,male,Martin (2022),
hudson_manley,Hudson,Manley,male,Clavin (2015),
hughan_jessie,Hughan,Jessie,male,Martin (2022),
hughes_billy,Hughes,Billy,male,Mazower (2009),
hull_cordell,Hull,Cordell,male,Clavin (2015),
hull_cordell,Hull,Cordell,male,Martin (2022),
hull_cordell,Hull,Cordell,male,Mazower (2009),
hull_cordell,Hull,Cordell,male,Slobodian (2018),
hunger_jan,Hunger,Jan,male,Martin (2022),
hunold_albert,Hunold,Albert,male,Slobodian (2018),
hurley_edward,Hurley,Edward,male,Martin (2022),
hussein_saddam,Hussein,Saddam,male,Mazower (2009),
hutt_william_h,Hutt,William H.,male,Slobodian (2018),
huxley_julian,Huxley,Julian,male,Mazower (2009),
huxley_julian,Huxley,Julian,male,Sluga (2013),
ibanez_ojeda_pedro,Ibañez Ojeda,Pedro,male,Slobodian (2018),
ikenberry_g_john,Ikenberry,G. John,male,Mazower (2009),
isaacs_harold,Isaacs,Harold,male,Sluga (2013),
jabotinsky_vladimir,Jabotinsky,Vladimir,male,Mazower (2009),
jacklin_seymour,Jacklin,Seymour,male,Clavin (2015),
jackson_ben,Jackson,Ben,male,Slobodian (2018),
jackson_john_h,Jackson,John H.,male,Slobodian (2018),
jacobsson_per,Jacobsson,Per,male,Clavin (2015),
jacobsson_per,Jacobsson,Per,male,Martin (2022),
jahn_gunnar,Jahn,Gunnar,male,Clavin (2015),
janssen_albert,Janssen,Albert,male,Clavin (2015),
jaulme_gustave_louis,Jaulme,Gustave-Louis,male,Slobodian (2018),
jebb_gladwyn,Jebb,Gladwyn,male,Mazower (2009),
jebb_gladwyn,Jebb,Gladwyn,male,Sluga (2013),
jenks_clarence,Jenks,Clarence,female,Sluga (2013),
jessup_philip_c,Jessup,Philip C.,male,Slobodian (2018),
johnson_harry,Johnson,Harry,male,Slobodian (2018),
johnson_lyndon_b,Johnson,Lyndon B.,male,Slobodian (2018),
juarez_benito,Juárez,Benito,male,Martin (2022),
juraschek_franz,Juraschek,Franz,male,Slobodian (2018),
kaldor_nicholas,Kaldor,Nicholas,male,Slobodian (2018),
kant_immanuel,Kant,Immanuel,male,Clavin (2015),
kant_immanuel,Kant,Immanuel,male,Martin (2022),
kant_immanuel,Kant,Immanuel,male,Mazower (2009),
kant_immanuel,Kant,Immanuel,male,Slobodian (2018),
kant_immanuel,Kant,Immanuel,male,Sluga (2013),
karamanos_ioannis,Karamanos,Ioannis,male,Martin (2022),
karpinski_zygmunt,Karpinski,Zygmunt,male,Clavin (2015),
kelen_emery,Kelen,Emery,male,Clavin (2015),
kelsen_hans,Kelsen,Hans,male,Slobodian (2018),
kemmerer_edwin,Kemmerer,Edwin,male,Martin (2022),
keng_lim_boon,Keng,Lim Boon,male,Sluga (2013),
kennan_george,Kennan,George,male,Mazower (2009),
kennedy_john_f,Kennedy,John F.,male,Slobodian (2018),
kessler_harry,Kessler,Harry,male,Sluga (2013),
key_ellen,Key,Ellen,female,Sluga (2013),
keynes_john_maynard,Keynes,John Maynard,male,Clavin (2015),
keynes_john_maynard,Keynes,John Maynard,male,Martin (2022),
keynes_john_maynard,Keynes,John Maynard,male,Slobodian (2018),
khama_tshekedi,Khama,Tshekedi,male,Mazower (2009),
khan_mohammad_ayub,Khan,Mohammad Ayub,male,Slobodian (2018),
khare_narayan,Khare,Narayan,male,Mazower (2009),
kikujiro_ishii,Kikujiro,Ishii,male,Sluga (2013),
kindersley_robert,Kindersley,Robert,male,Martin (2022),
kindleberger_charles,Kindleberger,Charles,male,Clavin (2015),
kindleberger_charles,Kindleberger,Charles,male,Slobodian (2018),
kirk_russell_t,Kirk,Russell T.,male,Slobodian (2018),
kisch_cecil,Kisch,Cecil,male,Martin (2022),
kissinger_henry,Kissinger,Henry,male,Sluga (2013),
kitchelt_florence,Kitchelt,Florence,female,Sluga (2013),
kitchin_joseph,Kitchin,Joseph,male,Clavin (2015),
klimt_gustav,Klimt,Gustav,male,Slobodian (2018),
klineberg_otto,Klineberg,Otto,male,Sluga (2013),
kliuchevsky_vasili,Kliuchevsky,Vasili,male,Mazower (2009),
knight_frank,Knight,Frank,male,Slobodian (2018),
koestler_arthur,Koestler,Arthur,male,Mazower (2009),
kondylis_georgios,Kondylis,Georgios,male,Martin (2022),
koo_wellington,Koo,Wellington (Gu Weijun),male,Martin (2022),
koopmans_tjalling,Koopmans,Tjalling,male,Clavin (2015),
krauel_wolfgang,Krauel,Wolfgang,male,Clavin (2015),
krehbiel_edward,Krehbiel,Edward,male,Sluga (2013),
kristol_irving,Kristol,Irving,male,Slobodian (2018),
kun_bela,Kun,Bela,male,Clavin (2015),
kun_bela,Kun,Bela,male,Slobodian (2018),
kung_h_h,Kung,H. H. (Kong Xiangxi),male,Martin (2022),
lal_deepak,Lal,Deepak,male,Slobodian (2018),
lamont_thomas,Lamont,Thomas,male,Martin (2022),
lamoureux_lucien,Lamoureux,Lucien,male,Clavin (2015),
lampson_miles,Lampson,Miles,male,Martin (2022),
lamy_pascal,Lamy,Pascal,male,Slobodian (2018),
lange_christian,Lange,Christian,male,Sluga (2013),
lansing_robert,Lansing,Robert,male,Sluga (2013),
largentaye_jean_de,Largentaye,Jean de,male,Martin (2022),
laski_harold,Laski,Harold,male,Slobodian (2018),
laski_harold,Laski,Harold,male,Sluga (2013),
laugier_henri,Laugier,Henri,male,Sluga (2013),
lauterpacht_hersch,Lauterpacht,Hersch,male,Mazower (2009),
lauterpacht_hersch,Lauterpacht,Hersch,male,Slobodian (2018),
laval_pierre,Laval,Pierre,male,Clavin (2015),
laves_walter,Laves,Walter,male,Sluga (2013),
layton_walter,Layton,Walter,male,Clavin (2015),
layton_walter,Layton,Walter,male,Martin (2022),
leahy_william_d,Leahy,William D.,male,Clavin (2015),
lebow_rn,LeBow,R. N.,male,Mazower (2009),
lee_hau_shik,Lee Hau Shik,,male,Martin (2022),
lehman_herbert_henry,Lehman,Herbert Henry,male,Clavin (2015),
leith_c_k,Leith,C. K.,male,Martin (2022),
leith_ross_sir_frederick,Leith-Ross,Sir Frederick,male,Martin (2022),
leith_ross_sir_frederick,Leith-Ross,Sir Frederick,male,Clavin (2015),
lemkin_raphael,Lemkin,Raphael,male,Mazower (2009),
lenin_vi,Lenin,V. I.,male,Slobodian (2018),
leontief_wassily,Leontief,Wassily,male,Slobodian (2018),
lester_sean,Lester,Sean,male,Clavin (2015),
levi_strauss_claude,Lévi-Strauss,Claude,male,Sluga (2013),
lie_trygve,Lie,Trygve,male,Sluga (2013),
lindberg_john,Lindberg,John,male,Clavin (2015),
linden_ake,Linden,Ake,male,Slobodian (2018),
lindner_elli,Lindner,Elli,female,Martin (2022),
lippmann_walter,Lippmann,Walter,male,Clavin (2015),
lippmann_walter,Lippmann,Walter,male,Mazower (2009),
lippmann_walter,Lippmann,Walter,male,Slobodian (2018),
lippmann_walter,Lippmann,Walter,male,Sluga (2013),
livingstone_richard,Livingstone,Richard,male,Mazower (2009),
lloyd_e_m_h,Lloyd,E. M. H.,male,Martin (2022),
lloyd_george_david,Lloyd George,David,male,Clavin (2015),
lloyd_george_david,Lloyd George,David,male,Martin (2022),
lloyd_george_david,Lloyd George,David,male,Mazower (2009),
lloyd_george_david,Lloyd George,David,male,Sluga (2013),
lobo_helio,Lobo,Helio,male,Clavin (2015),
lodge_henry_cabot,Lodge,Henry Cabot,male,Sluga (2013),
long_olivier,Long,Olivier,male,Slobodian (2018),
lorimer_james,Lorimer,James,male,Sluga (2013),
lothian_lord_philip_kerr,Lothian,Lord Philip Kerr,male,Mazower (2009),
loucheur_louis,Loucheur,Louis,male,Clavin (2015),
loucheur_louis,Loucheur,Louis,male,Martin (2022),
louis_w_roger,Louis,W. Roger,male,Mazower (2009),
loveday_alexander,Loveday,Alexander,male,Clavin (2015),
loveday_alexander,Loveday,Alexander,male,Martin (2022),
loveday_alexander,Loveday,Alexander,male,Slobodian (2018),
lowe_adolph,Löwe,Adolph,male,Slobodian (2018),
luce_henry,Luce,Henry,male,Mazower (2009),
lugard_frederick,Lugard,Frederick,male,Mazower (2009),
lutz_bertha,Lutz,Bertha,female,Sluga (2013),
lynn_john,Lynn,John,male,Slobodian (2018),
macdonald_james,MacDonald,James,male,Mazower (2009),
macdonald_ramsay,MacDonald,Ramsay,male,Clavin (2015),
macdonald_ramsay,MacDonald,Ramsay,male,Martin (2022),
machado_bernardino,Machado,Bernardino,male,Martin (2022),
machlup_fritz,Machlup,Fritz,male,Clavin (2015),
machlup_fritz,Machlup,Fritz,male,Slobodian (2018),
madan_dr_b_k,Madan,Dr B. K.,male,Clavin (2015),
mahaffy_john,Mahaffy,John,male,Mazower (2009),
mahler_gustav,Mahler,Gustav,male,Slobodian (2018),
makins_roger,Makins,Roger,male,Clavin (2015),
malkin_william,Malkin,William,male,Clavin (2015),
mant_reginald,Mant,Reginald,male,Clavin (2015),
mantoux_etienne,Mantoux,Étienne,male,Clavin (2015),
mantoux_paul,Mantoux,Paul,male,Martin (2022),
mantoux_paul,Mantoux,Paul,male,Slobodian (2018),
mantzavinos_georgios,Mantzavinos,Georgios,male,Clavin (2015),
mao_zedong,Mao,Zedong,male,Slobodian (2018),
marburg_theodore,Marburg,Theodore,male,Sluga (2013),
marjolin_robert,Marjolin,Robert,male,Slobodian (2018),
marlio_louis,Marlio,Louis,male,Slobodian (2018),
marschak_jacob,Marschak,Jacob,male,Clavin (2015),
marshall_aid,Marshall,Aid,male,Clavin (2015),
marshall_george,Marshall,George,male,Mazower (2009),
marx_karl,Marx,Karl,male,Slobodian (2018),
masaryk_jan,Masaryk,Jan,male,Sluga (2013),
masaryk_tomas,Masaryk,Tomas,male,Sluga (2013),
massigli_rene,Massigli,René,male,Clavin (2015),
matsudaira_tsunco,Matsudaira,Tsunco,male,Clavin (2015),
mazzini_guiseppe,Mazzini,Guiseppe,male,Sluga (2013),
mbaye_keba,M’baye,Kéba,male,Slobodian (2018),
mcdermott_michael,McDermott,Michael,male,Mazower (2009),
mcdougall_frank_lidgett,McDougall,Frank Lidgett,male,Clavin (2015),
mcdougall_william,McDougall,William,male,Sluga (2013),
mcfadden_louis,McFadden,Louis,male,Martin (2022),
mcgarrah_gates_w,McGarrah,Gates W.,male,Martin (2022),
mcgarrah_gates_w,McGarrah,Gates W.,male,Clavin (2015),
mckenna_reginald,McKenna,Reginald,male,Martin (2022),
mead_edwin,Mead,Edwin,male,Sluga (2013),
mead_george_herbert,Mead,George Herbert,male,Sluga (2013),
meade_james,Meade,James,male,Clavin (2015),
meade_james,Meade,James,male,Martin (2022),
meade_james,Meade,James,male,Slobodian (2018),
mehta_hansa,Mehta,Hansa,male,Sluga (2013),
mendes_france_pierre,Mendès France,Pierre,male,Martin (2022),
menger_carl,Menger,Carl,male,Slobodian (2018),
mercier_ernest,Mercier,Ernest,male,Slobodian (2018),
mestmacker_ernst_joachim,Mestmäcker,Ernst-Joachim,male,Slobodian (2018),
michalakopoulos_andreas,Michalakopoulos,Andreas,male,Martin (2022),
mill_john_stuart,Mill,John Stuart,male,Mazower (2009),
mill_john_stuart,Mill,John Stuart,male,Slobodian (2018),
millikin_eugene,Millikin,Eugene,male,Martin (2022),
mills_ogden,Mills,Ogden,male,Clavin (2015),
milner_alfred,Milner,Alfred,male,Mazower (2009),
von_mises_ludwig,von Mises,Ludwig,male,Clavin (2015),
von_mises_ludwig,von Mises,Ludwig,male,Slobodian (2018),
mitchell_wesley_clair,Mitchell,Wesley Clair,male,Slobodian (2018),
mitrany_david,Mitrany,David,male,Clavin (2015),
mitrany_david,Mitrany,David,male,Sluga (2013),
miyaoka_tsunejiro,Miyaoka,Tsunejiro,male,Sluga (2013),
mlynarski_feliks,Mlynarski,Feliks,male,Clavin (2015),
moley_raymond,Moley,Raymond,male,Clavin (2015),
mollet_guy,Mollet,Guy,male,Slobodian (2018),
molnar_thomas,Molnar,Thomas,male,Slobodian (2018),
monnet_jean,Monnet,Jean,male,Clavin (2015),
monnet_jean,Monnet,Jean,male,Martin (2022),
moojen_j_g,Moojen,J. G.,male,Martin (2022),
moore_mike,Moore,Mike,male,Slobodian (2018),
moreau_emile,Moreau,Émile,male,Clavin (2015),
moreau_emile,Moreau,Émile,male,Martin (2022),
moret_clement,Moret,Clément,male,Clavin (2015),
moret_clement,Moret,Clément,male,Martin (2022),
morgan_john_pierpoint,Morgan,John Pierpoint,male,Clavin (2015),
morgenstern_oskar,Morgenstern,Oskar,male,Clavin (2015),
morgenstern_oskar,Morgenstern,Oskar,male,Slobodian (2018),
morgenthau_hans,Morgenthau,Hans,male,Clavin (2015),
morgenthau_hans,Morgenthau,Hans,male,Mazower (2009),
morgenthau_hans,Morgenthau,Hans,male,Sluga (2013),
morgenthau_henry,Morgenthau,Henry,male,Martin (2022),
morgenthau_henry,Morgenthau,Henry,male,Martin (2022),
morgenthau_henry,Morgenthau,Henry,male,Clavin (2015),
morrison_bell_clive,Morrison-Bell,Clive,male,Slobodian (2018),
mossadeq_mohammad,Mossadeq,Mohammad,male,Slobodian (2018),
mowrer_edgar,Mowrer,Edgar,male,Sluga (2013),
moyn_samuel,Moyn,Samuel,male,Mazower (2009),
moyne_lord_walter_guinness,Moyne,Lord Walter Guinness,male,Mazower (2009),
moynihan_daniel,Moynihan,Daniel,male,Sluga (2013),
mudaliar_ramasamy,Mudaliar,Ramasamy,male,Sluga (2013),
muller_armack_ludwig,Müller-Armack,Ludwig,male,Slobodian (2018),
muller_gustav,Müller,Gustav,male,Clavin (2015),
murray_gilbert,Murray,Gilbert,male,Clavin (2015),
murray_gilbert,Murray,Gilbert,male,Mazower (2009),
murray_gilbert,Murray,Gilbert,male,Sluga (2013),
muspratt_max,Muspratt,Max,male,Clavin (2015),
mussolini_benito,Mussolini,Benito,male,Clavin (2015),
myrdal_alva,Myrdal,Alva,female,Sluga (2013),
myrdal_gunnar,Myrdal,Gunnar,male,Clavin (2015),
myrdal_gunnar,Myrdal,Gunnar,male,Slobodian (2018),
namier_louis,Namier,Louis,male,Mazower (2009),
nansen_fridjof,Nansen,Fridjof,male,Clavin (2015),
nansen_fridtjof,Nansen,Fridtjof,male,Martin (2022),
nansen_fridtjof,Nansen,Fridtjof,male,Mazower (2009),
nansen_fridtjof,Nansen,Fridtjof,male,Sluga (2013),
nasser_gamal_abdel,Nasser,Gamal Abdel,male,Slobodian (2018),
negri_antonio,Negri,Antonio,male,Mazower (2009),
nehru_jawaharlal,Nehru,Jawaharlal,male,Clavin (2015),
nehru_jawaharlal,Nehru,Jawaharlal,male,Mazower (2009),
nehru_jawaharlal,Nehru,Jawaharlal,male,Slobodian (2018),
nehru_jawaharlal,Nehru,Jawaharlal,male,Sluga (2013),
neumann_spallart_franz,Neumann-Spallart,Franz,male,Slobodian (2018),
neurath_otto,Neurath,Otto,male,Slobodian (2018),
nicolson_harold,Nicolson,Harold,male,Sluga (2013),
niemeyer_otto_e,Niemeyer,Otto E.,male,Clavin (2015),
niemeyer_otto_e,Niemeyer,Otto E.,male,Martin (2022),
nietzsche_friedrich,Nietzsche,Friedrich,male,Mazower (2009),
nitobe_inazo,Nitobe,Inazo,male,Sluga (2013),
nixon_frank_h,Nixon,Frank H.,male,Martin (2022),
nixon_j_w,Nixon,J. W.,male,Clavin (2015),
nkrumah_kwame,Nkrumah,Kwame,male,Martin (2022),
nkrumah_kwame,Nkrumah,Kwame,male,Slobodian (2018),
noel_baker_philip,Noel-Baker,Philip,male,Clavin (2015),
noli_fan,Noli,Fan,male,Martin (2022),
norman_montagu,Norman,Montagu,male,Clavin (2015),
norman_montagu,Norman,Montagu,male,Martin (2022),
notter_harley,Notter,Harley,male,Clavin (2015),
nurkse_ragnar,Nurkse,Ragnar,male,Clavin (2015),
nurkse_ragnar,Nurkse,Ragnar,male,Slobodian (2018),
ohlin_bertil,Ohlin,Bertil,male,Clavin (2015),
ohlin_bertil,Ohlin,Bertil,male,Slobodian (2018),
olsen_otto,Olsen,Otto,male,Clavin (2015),
olson_mancur,Olson,Mancur,male,Slobodian (2018),
ording_aake,Ording,Aake,male,Clavin (2015),
otlet_paul,Otlet,Paul,male,Martin (2022),
otlet_paul,Otlet,Paul,male,Sluga (2013),
overby_andrew,Overby,Andrew,male,Martin (2022),
pandit_vijaya_lakshmi,Pandit,Vijaya Lakshmi,male,Mazower (2009),
pangalos_theodoros,Pangalos,Theodoros,male,Martin (2022),
papanastasiou_alexandros,Papanastasiou,Alexandros,male,Martin (2022),
von _papen_franz,von Papen,Franz,male,Clavin (2015),
pardo_carlos,Pardo,Carlos,male,Clavin (2015),
parmentier_jean,Parmentier,Jean,male,Clavin (2015),
parran_thomas,Parran,Thomas,male,Clavin (2015),
pastuhov_vladimir,Pastuhov,Vladimir,male,Clavin (2015),
pasvolsky_leo,Pasvolsky,Leo,male,Clavin (2015),
patino_simon,Patiño,Simón,male,Martin (2022),
patterson_ernest_minor,Patterson,Ernest Minor,male,Slobodian (2018),
patterson_reginald,Patterson,Reginald,male,Martin (2022),
paul_boncour_joseph,Paul-Boncour,Joseph,male,Clavin (2015),
peek_george,Peek,George,male,Clavin (2015),
pelt_adrianus,Pelt,Adrianus,male,Clavin (2015),
pennel_alice_sorabji,Pennel,Alice Sorabji,female,Martin (2022),
penrose_e_f,Penrose,E. F.,female,Clavin (2015),
perham_margery,Perham,Margery,female,Sluga (2013),
perkins_francis,Perkins,Francis,female,Clavin (2015),
petersmann_ernst_ulrich,Petersmann,Ernst-Ulrich,male,Slobodian (2018),
pethick_lawrence_emmeline,Pethick-Lawrence,Emmeline,female,Sluga (2013),
philippovich_eugen,Philippovich,Eugen,male,Slobodian (2018),
phillips_sir_frederick,Phillips,Sir Frederick,male,Clavin (2015),
phillips_william,Phillips,William,male,Mazower (2009),
pigou_arthur,Pigou,Arthur,male,Clavin (2015),
pillsbury_walter,Pillsbury,Walter,male,Sluga (2013),
pilsudski_jozef,Piłsudski,Jósef,male,Martin (2022),
pinochet_augusto,Pinochet,Augusto,male,Slobodian (2018),
pirelli_alberto,Pirelli,Alberto,male,Clavin (2015),
plant_arnold,Plant,Arnold,male,Slobodian (2018),
polak_jacques,Polak,Jacques,male,Clavin (2015),
polak_jacques,Polak,Jacques,male,Martin (2022),
polak_jacques,Polak,Jacques,male,Slobodian (2018),
polanyi_karl,Polanyi,Karl,male,Martin (2022),
polanyi_karl,Polanyi,Karl,male,Slobodian (2018),
politis_nicholas,Politis,Nicholas,male,Clavin (2015),
popper_karl,Popper,Karl,male,Slobodian (2018),
pospisil_vilem,Pospisil,Vilem,male,Clavin (2015),
pospisil_vilem,Pospíšil,Vilém,male,Martin (2022),
posse_hans_ernst,Posse,Hans Ernst,male,Clavin (2015),
potter_pitman,Potter,Pitman,male,Clavin (2015),
powell_enoch,Powell,Enoch,male,Slobodian (2018),
pratt_john,Pratt,John,male,Martin (2022),
prebisch_raul,Prebisch,Raúl,male,Slobodian (2018),
pretre_jean_claude,Prêtre,Jean-Claude,male,Slobodian (2018),
pribram_karl,Pribram,Karl,male,Slobodian (2018),
prieswerk_roy,Prieswerk,Roy,male,Sluga (2013),
prince_morton,Prince,Morton,male,Sluga (2013),
quesnay_pierre,Quesnay,Pierre,male,Clavin (2015),
quesnay_pierre,Quesnay,Pierre,male,Martin (2022),
radhakrishnan_sarvepalli,Radhakrishnan,Sarvepalli,male,Sluga (2013),
radice_edward_albert,Radice,Edward Albert,male,Clavin (2015),
rajchman_ludwik,Rajchman,Ludwik,male,Clavin (2015),
rajchman_ludwik,Rajchman,Ludwik,male,Martin (2022),
ramsay_sir_malcolm,Ramsay,Sir Malcolm,male,Clavin (2015),
randall_john,Randall,John,male,Sluga (2013),
ranshofen_wertheimer_egon,Ranshofen-Wertheimer,Egon,male,Sluga (2013),
rappard_william_emmanuel,Rappard,William Emmanuel,male,Slobodian (2018),
rappard_william_emmanuel,Rappard,William Emmanuel,male,Clavin (2015),
rasminsky_louis,Rasminsky,Louis,male,Clavin (2015),
rathenau_walther,Rathenau,Walther,male,Martin (2022),
rathenau_walther,Rathenau,Walther,male,Slobodian (2018),
reagan_ronald,Reagan,Ronald,male,Slobodian (2018),
regnery_henry,Regnery,Henry,male,Slobodian (2018),
reisch_richard,Reisch,Richard,male,Slobodian (2018),
renborg_bertil,Renborg,Bertil,male,Clavin (2015),
reynaud_paul,Reynaud,Paul,male,Clavin (2015),
ricardo_david,Ricardo,David,male,Slobodian (2018),
rich_george,Rich,George,male,Sluga (2013),
richards_ivor,Richards,Ivor,male,Sluga (2013),
riddle_j_h,Riddle,J. H.,male,Martin (2022),
riedl_richard,Riedl,Richard,male,Slobodian (2018),
rieer_wineld,Rieer,Wineld,male,Clavin (2015),
rist_charles,Rist,Charles,male,Clavin (2015),
rist_charles,Rist,Charles,male,Slobodian (2018),
ritter_karl,Ritter,Karl,male,Clavin (2015),
rivera_diego,Rivera,Diego,male,Slobodian (2018),
robbins_lionel,Robbins,Lionel,male,Clavin (2015),
robbins_lionel,Robbins,Lionel,male,Martin (2022),
robbins_lionel,Robbins,Lionel,male,Slobodian (2018),
robertson_dennis,Robertson,Dennis,male,Clavin (2015),
robinson_jacob,Robinson,Jacob,male,Mazower (2009),
rochat_charles,Rochat,Charles,male,Clavin (2015),
roessler_frieder,Roessler,Frieder,male,Slobodian (2018),
rogers_james_harvey,Rogers,James Harvey,male,Clavin (2015),
rolin_jaequeyms_gustave,Rolin-Jaequeyms,Gustave,male,Sluga (2013),
romulo_carlos,Romulo,Carlos,male,Sluga (2013),
roosevelt_eleanor,Roosevelt,Eleanor,female,Clavin (2015),
roosevelt_eleanor,Roosevelt,Eleanor,female,Mazower (2009),
roosevelt_eleanor,Roosevelt,Eleanor,female,Sluga (2013),
roosevelt_franklin_delano,Roosevelt,Franklin Delano,male,Clavin (2015),
roosevelt_franklin_delano,Roosevelt,Franklin Delano,male,Mazower (2009),
roosevelt_franklin_delano,Roosevelt,Franklin Delano,male,Slobodian (2018),
roosevelt_franklin_delano,Roosevelt,Franklin Delano,male,Sluga (2013),
roosevelt_theodore,Roosevelt,Theodore,male,Mazower (2009),
ropke_wilhelm,Röpke,Wilhelm,male,Slobodian (2018),
rosenborg_arthur,Rosenborg,Arthur,male,Clavin (2015),
rosenborg_johan,Rosenborg,Johan,male,Clavin (2015),
rostow_walt_whitman,Rostow,Walt Whitman,male,Slobodian (2018),
rougier_louis,Rougier,Louis,male,Slobodian (2018),
rowell_h_n,Rowell,H. N.,male,Martin (2022),
rueff_jacques,Rueff,Jacques,male,Clavin (2015),
rueff_jacques,Rueff,Jacques,male,Slobodian (2018),
ruggie_john_gerard,Ruggie,John Gerard,male,Martin (2022),
ruml_beardsley,Ruml,Beardsley,male,Slobodian (2018),
runciman_walter,Runciman,Walter,male,Clavin (2015),
rusk_dean,Rusk,Dean,male,Mazower (2009),
rustow_alexander,Rüstow,Alexander,male,Slobodian (2018),
ruyssen_theodore,Ruyssen,Theodore,male,Sluga (2013),
ryder_oscar,Ryder,Oscar,male,Clavin (2015),
ryti_risto,Ryti,Risto,male,Clavin (2015),
sackett_frederic_m,Sackett,Frederic M.,male,Clavin (2015),
said_edward,Said,Edward,male,Sluga (2013),
salazar_antonio_de_oliveira,Salazar,António de Oliveira,male,Martin (2022),
salazar_antonio_de_oliveira,Salazar,António de Oliveira,male,Slobodian (2018),
sally_razeen,Sally,Razeen,male,Slobodian (2018),
salter_arthur,Salter,Arthur,male,Martin (2022),
salter_arthur,Salter,Arthur,male,Slobodian (2018),
salter_sir_arthur,Salter,Sir Arthur,male,Clavin (2015),
salvemini_gaetano,Salvemini,Gaetano,male,Sluga (2013),
samuelson_paul,Samuelson,Paul,male,Clavin (2015),
samuelson_paul,Samuelson,Paul,male,Slobodian (2018),
san_ah_wing,San Ah Wing,,male,Martin (2022),
sargent_noel,Sargent,Noel,male,Slobodian (2018),
sarkar_benoy_kumar,Sarkar,Benoy Kumar,male,Martin (2022),
sarkozy_nicolas,Sarkozy,Nicolas,male,Martin (2022),
sayre_francis,Sayre,Francis,male,Clavin (2015),
sayre_francis,Sayre,Francis,male,Mazower (2009),
schacht_hjalmar,Schacht,Hjalmar,male,Clavin (2015),
schacht_hjalmar,Schacht,Hjalmar,male,Martin (2022),
schacht_hjalmar,Schacht,Hjalmar,male,Slobodian (2018),
schauble_wolfgang,Schäuble,Wolfgang,male,Slobodian (2018),
schechtman_joseph,Schechtman,Joseph,male,Mazower (2009),
schiele_egon,Schiele,Egon,male,Slobodian (2018),
von_schleicher_kurt,von Schleicher,Kurt,male,Clavin (2015),
schmitt_carl,Schmitt,Carl,male,Slobodian (2018),
von_schmoller_gustav,von Schmoller,Gustav,male,Slobodian (2018),
schnitzler_arthur,Schnitzler,Arthur,male,Slobodian (2018),
schoeck_helmut,Schoeck,Helmut,male,Slobodian (2018),
schonberg_arnold,Schönberg,Arnold,male,Slobodian (2018),
schroder_gerhard,Schröder,Gerhard,male,Slobodian (2018),
schucking_walther,Schücking,Walther,male,Sluga (2013),
schulz_forberg_hagen,Schulz-Forberg,Hagen,male,Slobodian (2018),
schumpeter_joseph,Schumpeter,Joseph,male,Clavin (2015),
schuster_george,Schuster,George,male,Martin (2022),
schwimmer_rosika,Schwimmer,Rosika,female,Sluga (2013),
seipel_ignaz,Seipel,Ignaz,male,Clavin (2015),
seipel_ignaz,Seipel,Ignaz,male,Martin (2022),
senghor_leopold,Senghor,Léopold,male,Slobodian (2018),
sering_max,Sering,Max,male,Martin (2022),
serryys_daniel,Serryys,Daniel,male,Clavin (2015),
seton_watson_robert,Seton-Watson,Robert,male,Mazower (2009),
sewall_may_wright,Sewall,May Wright,female,Sluga (2013),
shawcross_sir_hartley,Shawcross,Sir Hartley,male,Slobodian (2018),
shenfield_arthur,Shenfield,Arthur,male,Slobodian (2018),
shepherd_elizabeth,Shepherd,Elizabeth,female,Sluga (2013),
shertok_moshe,Shertok,Moshe,male,Mazower (2009),
shils_edward,Shils,Edward,male,Sluga (2013),
shotwell_james,Shotwell,James,male,Clavin (2015),
shotwell_james,Shotwell,James,male,Mazower (2009),
shotwell_james,Shotwell,James,male,Slobodian (2018),
von_siemens_carl_friedrich,von Siemens,Carl Friedrich,male,Clavin (2015),
silver_hillel,Silver,Hillel,male,Mazower (2009),
simiand_francois,Simiand,François,male,Clavin (2015),
simon_john,Simon,John,male,Clavin (2015),
simons_h_c,Simons,H. C.,male,Clavin (2015),
simpson_a_brian,Simpson,A. Brian,male,Mazower (2009),
simpson_john_hope,Simpson,John Hope,male,Martin (2022),
sinel_de_cordes_joao,Sinel de Cordes,João,male,Martin (2022),
skinner_robert,Skinner,Robert,male,Martin (2022),
smith_adam,Smith,Adam,male,Slobodian (2018),
smith_ellison_d,Smith,Ellison D.,male,Martin (2022),
smith_ian,Smith,Ian,male,Slobodian (2018),
smith_jr_jeremiah,Smith Jr.,Jeremiah,male,Clavin (2015),
smith_jr_jeremiah,Smith Jr.,Jeremiah,male,Martin (2022),
smuts_jan,Smuts,Jan,male,Clavin (2015),
smuts_jan,Smuts,Jan,male,Mazower (2009),
smuts_jan,Smuts,Jan,male,Sluga (2013),
snowden_philip,Snowden,Philip,male,Martin (2022),
sohmen_egon,Sohmen,Egon,male,Slobodian (2018),
sokoline_vladimir,Sokoline,Vladimir,male,Clavin (2015),
soong_t_v,Soong,T. V. (Song Ziwen),male,Martin (2022),
souritz_jakov,Souritz,Jakov,male,Clavin (2015),
southard_frank_a,Southard,Frank A.,male,Martin (2022),
spaak_paul_henri,Spaak,Paul-Henri,male,Clavin (2015),
spaak_paul_henri,Spaak,Paul-Henri,male,Slobodian (2018),
spiller_gustave,Spiller,Gustave,male,Sluga (2013),
staehle_hans,Staehle,Hans,male,Slobodian (2018),
stahl_leo,Stahl,Leo,male,Martin (2022),
staley_eugene,Staley,Eugene,male,Martin (2022),
stalin_joseph,Stalin,Joseph,male,Mazower (2009),
stalin_joseph,Stalin,Joseph,male,Slobodian (2018),
stamp_josiah,Stamp,Josiah,male,Martin (2022),
stead_william_t,Stead,William T.,male,Sluga (2013),
stettinus_edward,Stettinus,Edward,male,Clavin (2015),
stevenson_adlai,Stevenson,Adlai,male,Slobodian (2018),
stigler_george,Stigler,George,male,Slobodian (2018),
stiglitz_joseph,Stiglitz,Joseph,male,Slobodian (2018),
stimson_henry,Stimson,Henry,male,Clavin (2015),
stimson_henry,Stimson,Henry,male,Mazower (2009),
stoddard_lothar,Stoddard,Lothar,male,Mazower (2009),
stoppani_pietro,Stoppani,Pietro,male,Clavin (2015),
strakosch_henry,Strakosch,Henry,male,Clavin (2015),
streeck_wolfgang,Streeck,Wolfgang,male,Slobodian (2018),
street_jessie,Street,Jessie,female,Sluga (2013),
streit_clarence,Streit,Clarence,male,Slobodian (2018),
streit_clarence,Streit,Clarence,male,Sluga (2013),
stresemann_gustav,Stresemann,Gustav,male,Clavin (2015),
stringher_bonaldo,Stringher,Bonaldo,male,Martin (2022),
strong_benjamin,Strong,Benjamin,male,Martin (2022),
strong_benjamin_jr,Strong,Benjamin Jr.,male,Clavin (2015),
sulzer_hans,Sulzer,Hans,male,Slobodian (2018),
sumner_jessie,Sumner,Jessie,male,Martin (2022),
sun_yat_sen,Sun Yat-sen,,male,Martin (2022),
sutherland_peter,Sutherland,Peter,male,Slobodian (2018),
svennilson_ingvar,Svennilson,Ingvar,male,Clavin (2015),
svrljuga_stanko,Švrljuga,Stanko,male,Martin (2022),
swanwick_helena,Swanwick,Helena,female,Sluga (2013),
sweetser_arthur,Sweetser,Arthur,male,Clavin (2015),
tagore_rabindranath,Tagore,Rabindranath,male,Sluga (2013),
tantalides_demetre,Tantalidès,Demetre,male,Martin (2022),
tardieu_andre,Tardieu,André,male,Martin (2022),
taussig_frank,Taussig,Frank,male,Martin (2022),
taussig_frank_w,Taussig,Frank W.,male,Clavin (2015),
temperley_harold,Temperley,Harold,male,Sluga (2013),
ter_meulen_k_e,Ter Meulen,K.E.,male,Clavin (2015),
thant_u,Thant,U,male,Sluga (2013),
thatcher_margaret,Thatcher,Margaret,male,Slobodian (2018),
theunis_georges,Theunis,Georges,male,Clavin (2015),
thomas_albert,Thomas,Albert,male,Clavin (2015),
thomas_albert,Thomas,Albert,male,Martin (2022),
thomas_albert,Thomas,Albert,male,Slobodian (2018),
thomas_james_henry,Thomas,James Henry,male,Martin (2022),
thomas_jean,Thomas,Jean,male,Sluga (2013),
tinbergen_jan,Tinbergen,Jan,male,Clavin (2015),
tinbergen_jan,Tinbergen,Jan,male,Slobodian (2018),
tinker_harold,Tinker,Harold,male,Sluga (2013),
tittoni_tommaso,Tittoni,Tommaso,male,Martin (2022),
tocqueville_alexis_de,Tocqueville,Alexis de,male,Slobodian (2018),
toynbee_arnold,Toynbee,Arnold,male,Clavin (2015),
toynbee_arnold,Toynbee,Arnold,male,Mazower (2009),
toynbee_arnold,Toynbee,Arnold,male,Sluga (2013),
traub_james,Traub,James,male,Mazower (2009),
trip_leonardus_j,Trip,Leonardus J.,male,Clavin (2015),
truman_harry_s,Truman,Harry S.,male,Clavin (2015),
truman_harry_s,Truman,Harry S.,male,Mazower (2009),
tseng_tsiang_lou,Tseng-Tsiang,Lou,male,Sluga (2013),
tsouderos_emmanouil,Tsoudéros,Emmanouil,male,Martin (2022),
tudela_francisco,Tudela,Francisco,male,Clavin (2015),
tugwell_rexford,Tugwell,Rexford,male,Clavin (2015),
tumlir_jan,Tumlir,Jan,male,Slobodian (2018),
tyler_royall,Tyler,Royall,male,Clavin (2015),
urabi_ahmed,‘Urabi,Ahmed,male,Martin (2022),
uri_pierre,Uri,Pierre,male,Slobodian (2018),
urquhart_brian,Urquhart,Brian,male,Sluga (2013),
van_kirk_james,van Kirk,James,male,Sluga (2013),
van_langenhove_fernand,Van Langenhove,Fernand,male,Clavin (2015),
van_sickle_john,Van Sickle,John,male,Slobodian (2018),
van_zeeland_marcel,Van Zeeland,Marcel,male,Slobodian (2018),
van_zeeland_paul,Zeeland,Paul van,male,Clavin (2015),
van_zeeland_paul,Zeeland,Paul van,male,Martin (2022),
vandenburg_arthur,Vandenburg,Arthur,male,Mazower (2009),
vansittart_sir_robert,Vansittart,Sir Robert,male,Clavin (2015),
varoprakar_devawongse,Varoprakar,Devawongse,male,Martin (2022),
varvaressos_kyriakos,Varvaressos,Kyriakos,male,Clavin (2015),
vattel_emmerich_de,Vattel,Emmerich de,male,Martin (2022),
veatch_roy,Veatch,Roy,male,Clavin (2015),
verwoerd_hendrik,Verwoerd,Hendrik,male,Slobodian (2018),
viner_jacob,Viner,Jacob,male,Clavin (2015),
viner_jacob,Viner,Jacob,male,Slobodian (2018),
vocke_wilhelm,Vocke,Wilhelm,male,Clavin (2015),
von_der_groeben_hans,Von der Groeben,Hans,male,Slobodian (2018),
von_suttner_bertha,von Suttner,Bertha,female,Sluga (2013),
wagemann_ernst,Wagemann,Ernst,male,Slobodian (2018),
waldheim_kurt,Waldheim,Kurt,male,Sluga (2013),
wallace_henry,Wallace,Henry,male,Clavin (2015),
wallace_henry,Wallace,Henry,male,Martin (2022),
wallace_henry,Wallace,Henry,male,Mazower (2009),
wallas_graham,Wallas,Graham,male,Slobodian (2018),
walpen_bernhard,Walpen,Bernhard,male,Slobodian (2018),
walras_leon,Walras,Léon,male,Slobodian (2018),
walters_frank,Walters,Frank,male,Clavin (2015),
wang_jing_wei,Wang Jing-wei,,male,Martin (2022),
warburg_felix,Warburg,Felix,male,Mazower (2009),
warburg_james_p,Warburg,James P.,male,Clavin (2015),
warburg_paul,Warburg,Paul,male,Martin (2022),
warburg_paul,Warburg,Paul,male,Clavin (2015),
waters_agnes,Waters,Agnes,female,Martin (2022),
watt_raymond,Watt,Raymond,male,Sluga (2013),
watts_v_orval,Watts,V. Orval,male,Martin (2022),
wavell_lord_percival,Wavell,Lord Percival,male,Mazower (2009),
weaver_warren,Weaver,Warren,male,Slobodian (2018),
webster_charles,Webster,Charles,male,Mazower (2009),
weitz_yosef,Weitz,Yosef,male,Mazower (2009),
weizmann_chaim,Weizmann,Chaim,male,Martin (2022),
weizmann_chaim,Weizmann,Chaim,male,Mazower (2009),
welles_sumner,Welles,Sumner,male,Mazower (2009),
wellesley_victor,Wellesley,Victor,male,Clavin (2015),
wells_h_g,Wells,H. G.,male,Sluga (2013),
wells_hg,Wells,H. G.,male,Mazower (2009),
wells_hg,Wells,H. G.,male,Slobodian (2018),
westlake_john,Westlake,John,male,Sluga (2013),
white_andrew,White,Andrew,male,Sluga (2013),
white_e_wyndham,White,E. Wyndham,male,Slobodian (2018),
white_harry_dexter,White,Harry Dexter,male,Clavin (2015),
white_harry_dexter,White,Harry Dexter,male,Martin (2022),
whitman_walt,Whitman,Walt,male,Mazower (2009),
whitton_john_b,Whitton,John B.,male,Slobodian (2018),
widener_alice,Widener,Alice,female,Slobodian (2018),
wiener_norbert,Wiener,Norbert,male,Slobodian (2018),
wigforss_ernst,Wigforss,Ernst,male,Clavin (2015),
wilkinson_ellen,Wilkinson,Ellen,female,Sluga (2013),
willgerodt_hans,Willgerodt,Hans,male,Slobodian (2018),
williams_john_fischer,Williams,John Fischer,male,Martin (2022),
williams_john_fischer,Williams,John Fischer,male,Mazower (2009),
williams_john_h,Williams,John H.,male,Clavin (2015),
williams_nancy,Williams,Nancy,female,Sluga (2013),
willkie_wendell,Willkie,Wendell,male,Sluga (2013),
wilson_eo,Wilson,E. O.,male,Slobodian (2018),
wilson_woodrow,Wilson,Woodrow,male,Clavin (2015),
wilson_woodrow,Wilson,Woodrow,male,Mazower (2009),
wilson_woodrow,Wilson,Woodrow,male,Slobodian (2018),
wilson_woodrow,Wilson,Woodrow,male,Sluga (2013),
winant_arthur,Winant,Arthur,male,Clavin (2015),
winant_john_gil,Winant,John ‘Gil’,male,Clavin (2015),
wise_stephen,Wise,Stephen,male,Mazower (2009),
wolf_martin,Wolf,Martin,male,Slobodian (2018),
wolff_christian,Wolff,Christian,male,Martin (2022),
wood_kingsley,Wood,Kingsley,male,Martin (2022),
woodward_edward,Woodward,Edward,male,Mazower (2009),
woolf_leonard,Woolf,Leonard,male,Martin (2022),
woolf_leonard,Woolf,Leonard,male,Mazower (2009),
woolf_leonard,Woolf,Leonard,male,Sluga (2013),
woolley_mary,Woolley,Mary,female,Sluga (2013),
wright_quincy,Wright,Quincy,male,Sluga (2013),
wu_ding_chang,Wu Ding-Chang,,male,Martin (2022),
yamey_basil,Yamey,Basil,male,Slobodian (2018),
yanaihara_tadao,Yanaihara,Tadao,male,Mazower (2009),
yergan_max,Yergan,Max,male,Slobodian (2018),
young_arthur,Young,Arthur,male,Clavin (2015),
young_g_m,Young,G. M.,male,Martin (2022),
young_owen_d,Young,Owen D.,male,Slobodian (2018),
yuan_shikai,Yuan Shikai,,male,Martin (2022),
zakaria_fareed,Zakaria,Fareed,male,Mazower (2009),
zimmerman_alfred,Zimmerman,Alfred,male,Martin (2022),
zimmern_alfred,Zimmerman,Alfred,male,Clavin (2015),
zimmern_alfred,Zimmern,Alfred,male,Martin (2022),
zimmern_alfred,Zimmern,Alfred,male,Mazower (2009),
zimmern_alfred,Zimmer,Alfred,male,Slobodian (2018),
zimmern_alfred,Zimmern,Alfred,male,Sluga (2013),
zweig_stefan,Zweig,Stefan,male,Clavin (2015),